timestamp,open,high,low,close,volume
2020-01-01 00:00:00,129.16,130.98,128.68,130.24,47143.32874
2020-01-01 08:00:00,130.24,132.4,129.87,132.08,51833.22852
2020-01-01 16:00:00,132.08,133.05,129.74,130.77,45793.96471
2020-01-02 00:00:00,130.72,130.78,128.69,129.26,66066.00891
2020-01-02 08:00:00,129.23,130.28,128.9,129.59,48498.93237
2020-01-02 16:00:00,129.58,129.78,126.38,127.19,99192.11678
2020-01-03 00:00:00,127.19,130.15,125.88,128.86,127641.35779
2020-01-03 08:00:00,128.86,133.95,128.8,132.53,176281.4428
2020-01-03 16:00:00,132.52,135.14,131.94,134.35,109132.38836
2020-01-04 00:00:00,134.37,134.81,132.79,133.91,54169.97213
2020-01-04 08:00:00,133.9,134.18,132.5,133.26,53156.23413
2020-01-04 16:00:00,133.26,135.85,132.8,134.2,76949.96476
2020-01-05 00:00:00,134.2,137.24,134.19,136.02,86117.87334
2020-01-05 08:00:00,136.04,137.96,134.7,137.26,75664.316
2020-01-05 16:00:00,137.24,138.19,134.21,135.37,92338.26409
2020-01-06 00:00:00,135.37,140.0,134.86,138.87,113339.59512
2020-01-06 08:00:00,138.87,143.22,138.81,140.2,188990.85388
2020-01-06 16:00:00,140.19,144.41,140.0,144.15,105689.82475
2020-01-07 00:00:00,144.14,145.31,142.15,142.87,127535.34582
2020-01-07 08:00:00,142.87,143.78,139.0,139.48,131548.73959
2020-01-07 16:00:00,139.48,145.0,138.76,142.8,188678.0874
2020-01-08 00:00:00,142.8,147.77,142.68,143.56,223012.06823
2020-01-08 08:00:00,143.53,144.5,140.39,141.42,149450.14375
2020-01-08 16:00:00,141.42,141.91,137.03,140.72,198003.36566
2020-01-09 00:00:00,140.76,141.5,138.69,139.93,94108.10531
2020-01-09 08:00:00,139.91,140.06,137.68,138.2,94045.31528
2020-01-09 16:00:00,138.19,139.33,135.3,137.74,177922.6451
2020-01-10 00:00:00,137.73,137.98,135.32,136.63,70691.02252
2020-01-10 08:00:00,136.62,143.0,135.34,142.51,170249.99211
2020-01-10 16:00:00,142.53,145.17,140.62,144.84,168462.58044
2020-01-11 00:00:00,144.83,145.33,142.09,142.93,100985.26253
2020-01-11 08:00:00,142.93,144.0,142.1,143.41,83925.16366
2020-01-11 16:00:00,143.41,148.05,142.23,142.38,183440.1532
2020-01-12 00:00:00,142.4,145.88,141.76,144.54,93047.60235
2020-01-12 08:00:00,144.55,145.4,143.2,144.92,73046.35024
2020-01-12 16:00:00,144.93,146.6,143.57,146.54,63447.90878
2020-01-13 00:00:00,146.56,147.0,142.27,142.87,84895.39768
2020-01-13 08:00:00,142.88,144.44,142.54,142.83,71123.97434
2020-01-13 16:00:00,142.83,144.66,142.55,143.58,51977.24663
2020-01-14 00:00:00,143.58,150.74,143.51,149.0,245848.37333
2020-01-14 08:00:00,149.0,157.69,148.93,156.04,330868.69058
2020-01-14 16:00:00,155.89,171.7,153.09,165.64,531759.24795
2020-01-15 00:00:00,165.6,171.98,159.2,161.54,342666.62629
2020-01-15 08:00:00,161.48,168.92,161.0,162.41,219871.80237
2020-01-15 16:00:00,162.41,167.34,160.52,166.4,159149.37515
2020-01-16 00:00:00,166.4,167.4,157.8,161.0,184428.6045
2020-01-16 08:00:00,161.0,165.62,159.65,162.52,149250.90181
2020-01-16 16:00:00,162.51,165.88,160.65,164.21,122491.36088
2020-01-17 00:00:00,164.24,171.51,162.14,171.08,285881.73557
2020-01-17 08:00:00,171.08,174.81,165.13,168.34,259130.46654
2020-01-17 16:00:00,168.31,173.72,167.02,169.85,222168.47642
2020-01-18 00:00:00,169.92,173.69,164.92,168.07,188580.8682
2020-01-18 08:00:00,168.1,179.5,167.21,175.53,311242.02339
2020-01-18 16:00:00,175.54,177.6,172.73,174.14,188960.28823
2020-01-19 00:00:00,174.1,178.05,173.29,176.55,161172.07666
2020-01-19 08:00:00,176.55,177.3,161.66,164.81,312209.72271
2020-01-19 16:00:00,164.75,167.5,163.56,166.79,151299.48667
2020-01-20 00:00:00,166.79,167.6,164.29,165.63,91107.84931
2020-01-20 08:00:00,165.62,167.04,161.24,166.83,152487.43815
2020-01-20 16:00:00,166.88,169.33,165.96,166.87,114497.59664
2020-01-21 00:00:00,166.86,168.86,165.61,166.53,88949.12957
2020-01-21 08:00:00,166.51,169.25,165.86,168.1,94982.09109
2020-01-21 16:00:00,168.09,170.32,164.8,169.49,124076.41464
2020-01-22 00:00:00,169.48,171.47,167.79,169.2,108046.98417
2020-01-22 08:00:00,169.25,169.55,166.03,167.42,110635.60684
2020-01-22 16:00:00,167.43,169.04,166.62,168.07,53558.31185
2020-01-23 00:00:00,168.07,168.2,162.71,164.88,139910.99886
2020-01-23 08:00:00,164.86,165.69,161.08,163.15,127020.65143
2020-01-23 16:00:00,163.17,163.47,159.21,162.81,106482.69956
2020-01-24 00:00:00,162.85,163.42,157.5,159.25,115810.82673
2020-01-24 08:00:00,159.24,163.32,155.55,162.62,209569.95053
2020-01-24 16:00:00,162.67,164.45,160.6,162.54,104632.42176
2020-01-25 00:00:00,162.51,162.58,157.61,159.53,94177.30235
2020-01-25 08:00:00,159.53,161.52,158.7,160.41,68637.82636
2020-01-25 16:00:00,160.43,162.79,159.95,160.35,57106.52326
2020-01-26 00:00:00,160.36,161.78,159.41,161.23,46496.50497
2020-01-26 08:00:00,161.24,164.1,160.87,163.37,93253.57975
2020-01-26 16:00:00,163.35,168.08,163.19,167.86,111832.47286
2020-01-27 00:00:00,167.91,169.75,166.39,167.32,95426.86629
2020-01-27 08:00:00,167.32,170.9,165.22,170.03,142856.05705
2020-01-27 16:00:00,170.01,172.56,169.09,170.08,127611.89583
2020-01-28 00:00:00,170.04,174.0,170.03,172.0,151336.60268
2020-01-28 08:00:00,171.98,174.55,170.23,172.35,191891.14129
2020-01-28 16:00:00,172.34,176.2,170.04,175.64,130206.15212
2020-01-29 00:00:00,175.58,178.45,175.14,178.08,130926.77303
2020-01-29 08:00:00,178.03,178.35,174.53,175.09,112915.03552
2020-01-29 16:00:00,175.1,177.24,173.33,173.72,73541.09306
2020-01-30 00:00:00,173.68,176.55,170.93,176.09,104410.35414
2020-01-30 08:00:00,176.07,177.66,174.3,177.63,108062.54377
2020-01-30 16:00:00,177.62,187.0,175.0,184.69,265248.76299
2020-01-31 00:00:00,184.71,185.82,180.52,182.48,116002.72399
2020-01-31 08:00:00,182.47,183.58,175.22,180.04,180325.32074
2020-01-31 16:00:00,180.01,182.44,177.53,179.99,89268.48892
2020-02-01 00:00:00,179.94,184.28,179.23,183.13,93344.1802
2020-02-01 08:00:00,183.13,183.32,179.8,181.48,99813.61925
2020-02-01 16:00:00,181.48,184.19,181.32,183.6,66212.32957
2020-02-02 00:00:00,183.63,188.02,179.1,187.17,176938.13007
2020-02-02 08:00:00,187.17,193.43,186.26,192.49,246013.76168
2020-02-02 16:00:00,192.47,193.23,188.04,188.44,129669.24444
2020-02-03 00:00:00,188.48,195.19,187.21,190.04,183400.00843
2020-02-03 08:00:00,190.04,191.5,187.42,187.58,133114.87235
2020-02-03 16:00:00,187.59,191.8,186.62,189.69,100661.07703
2020-02-04 00:00:00,189.74,191.6,186.18,188.28,113903.36291
2020-02-04 08:00:00,188.28,188.85,184.69,188.37,183773.86119
2020-02-04 16:00:00,188.37,189.8,186.9,188.91,68712.47276
2020-02-05 00:00:00,188.91,192.17,188.19,190.87,121474.01888
2020-02-05 08:00:00,190.83,199.22,190.29,198.86,225065.31936
2020-02-05 16:00:00,198.86,207.61,198.3,203.78,204402.77593
2020-02-06 00:00:00,203.78,212.06,201.02,209.26,165117.86186
2020-02-06 08:00:00,209.28,216.33,205.19,212.41,322250.90851
2020-02-06 16:00:00,212.4,214.33,210.86,213.19,120871.45293
2020-02-07 00:00:00,213.16,221.0,213.14,218.96,225787.9699
2020-02-07 08:00:00,218.93,225.0,217.6,221.59,280524.90153
2020-02-07 16:00:00,221.61,224.26,218.64,223.33,123048.28323
2020-02-08 00:00:00,223.36,224.6,213.22,220.45,218249.68088
2020-02-08 08:00:00,220.42,227.75,220.39,225.1,232244.31117
2020-02-08 16:00:00,225.07,225.98,222.0,223.05,98057.8826
2020-02-09 00:00:00,223.01,230.65,222.86,229.66,132603.13396
2020-02-09 08:00:00,229.66,230.18,224.0,226.84,130510.59513
2020-02-09 16:00:00,226.83,228.85,224.19,228.49,87222.5149
2020-02-10 00:00:00,228.53,229.4,218.69,223.64,168596.38583
2020-02-10 08:00:00,223.64,225.12,216.37,223.34,234337.55954
2020-02-10 16:00:00,223.34,225.0,220.28,222.89,107481.55412
2020-02-11 00:00:00,222.89,223.53,218.17,218.61,118301.0244
2020-02-11 08:00:00,218.62,230.49,218.23,228.8,211834.716
2020-02-11 16:00:00,228.82,239.15,227.8,236.69,265441.16236
2020-02-12 00:00:00,236.69,256.83,236.69,253.27,295535.32715
2020-02-12 08:00:00,253.23,257.99,249.25,254.25,316542.21323
2020-02-12 16:00:00,254.24,275.34,253.39,265.74,425996.20744
2020-02-13 00:00:00,265.74,274.48,265.0,266.27,292352.89148
2020-02-13 08:00:00,266.25,277.69,256.08,270.4,625820.68744
2020-02-13 16:00:00,270.54,272.5,262.5,268.32,171505.57478
2020-02-14 00:00:00,268.34,270.15,260.28,262.86,177414.77328
2020-02-14 08:00:00,262.77,275.0,262.26,272.91,248445.97219
2020-02-14 16:00:00,272.9,287.15,272.17,285.15,309083.57719
2020-02-15 00:00:00,285.11,288.41,277.58,279.48,204248.96053
2020-02-15 08:00:00,279.4,285.5,267.67,274.06,233774.65831
2020-02-15 16:00:00,274.05,279.3,261.86,264.88,422789.5239
2020-02-16 00:00:00,264.91,274.0,257.24,270.25,190204.07586
2020-02-16 08:00:00,270.24,272.99,256.06,258.83,310463.7572
2020-02-16 16:00:00,258.84,263.3,237.41,258.85,609450.63089
2020-02-17 00:00:00,258.89,261.5,242.0,248.64,331822.24531
2020-02-17 08:00:00,248.64,258.49,242.58,256.48,477797.15094
2020-02-17 16:00:00,256.5,268.77,254.38,267.85,300751.99469
2020-02-18 00:00:00,267.9,271.63,263.23,268.71,283860.91667
2020-02-18 08:00:00,268.71,275.1,258.0,273.66,396480.57914
2020-02-18 16:00:00,273.67,285.88,272.93,282.61,435181.94411
2020-02-19 00:00:00,282.64,282.94,274.68,276.65,158821.71395
2020-02-19 08:00:00,276.68,282.81,274.2,281.5,100503.93617
2020-02-19 16:00:00,281.5,285.0,251.56,258.45,446648.07976
2020-02-20 00:00:00,258.44,264.33,256.5,261.0,249379.86356
2020-02-20 08:00:00,260.99,261.09,246.85,254.98,414113.82388
2020-02-20 16:00:00,254.98,262.0,245.34,256.96,309476.02947
2020-02-21 00:00:00,256.97,263.83,253.61,260.21,168912.71939
2020-02-21 08:00:00,260.22,266.53,257.57,265.19,189598.43672
2020-02-21 16:00:00,265.15,268.24,259.72,265.27,167316.71729
2020-02-22 00:00:00,265.32,266.81,256.0,258.33,116998.91673
2020-02-22 08:00:00,258.31,264.5,257.61,260.99,109547.93336
2020-02-22 16:00:00,261.05,263.74,258.54,261.57,86515.67124
2020-02-23 00:00:00,261.55,271.89,261.02,270.36,155009.69122
2020-02-23 08:00:00,270.36,275.0,266.99,270.0,200183.14641
2020-02-23 16:00:00,270.0,275.68,268.7,274.48,89547.9912
2020-02-24 00:00:00,274.5,277.2,263.67,267.6,229485.88994
2020-02-24 08:00:00,267.58,272.74,265.35,267.58,188630.52611
2020-02-24 16:00:00,267.57,270.58,257.09,265.52,278475.31378
2020-02-25 00:00:00,265.47,266.22,254.85,257.69,172694.28946
2020-02-25 08:00:00,257.63,264.73,250.13,252.19,308105.40254
2020-02-25 16:00:00,252.18,255.12,244.44,246.67,293991.31827
2020-02-26 00:00:00,246.67,250.32,236.26,237.93,339668.74343
2020-02-26 08:00:00,237.94,241.85,225.98,226.35,513445.7986
2020-02-26 16:00:00,226.4,232.67,215.66,223.93,542764.87304
2020-02-27 00:00:00,223.98,226.37,210.0,225.43,495269.88451
2020-02-27 08:00:00,225.42,233.35,223.3,231.01,402870.43716
2020-02-27 16:00:00,231.02,238.3,222.38,227.79,375652.79491
2020-02-28 00:00:00,227.73,234.67,222.6,223.97,254218.09079
2020-02-28 08:00:00,224.03,227.76,214.01,227.28,521587.04128
2020-02-28 16:00:00,227.23,230.66,220.0,226.76,279189.7919
2020-02-29 00:00:00,226.76,233.0,226.66,229.18,204345.87732
2020-02-29 08:00:00,229.2,230.0,221.0,223.93,217366.6503
2020-02-29 16:00:00,223.87,225.94,217.0,217.21,125154.15748
2020-03-01 00:00:00,217.29,225.69,216.1,220.01,219831.7691
2020-03-01 08:00:00,220.02,227.89,218.9,220.38,217654.89862
2020-03-01 16:00:00,220.41,221.45,212.36,217.81,277529.35169
2020-03-02 00:00:00,217.81,222.9,216.07,220.01,240186.34495
2020-03-02 08:00:00,220.0,229.8,219.62,228.36,311680.1433
2020-03-02 16:00:00,228.34,234.4,227.64,231.97,258184.99505
2020-03-03 00:00:00,232.1,232.2,226.26,226.77,216645.30127
2020-03-03 08:00:00,226.71,232.46,222.32,224.55,344250.85708
2020-03-03 16:00:00,224.58,225.45,219.57,223.91,180602.3899
2020-03-04 00:00:00,223.84,228.85,222.51,226.64,204564.03405
2020-03-04 08:00:00,226.64,227.22,220.86,221.71,141606.32131
2020-03-04 16:00:00,221.71,224.49,220.23,224.26,97609.98236
2020-03-05 00:00:00,224.26,229.58,224.23,227.83,196616.41144
2020-03-05 08:00:00,227.82,234.09,227.45,231.38,251389.75291
2020-03-05 16:00:00,231.38,233.38,226.43,228.38,153473.71152
2020-03-06 00:00:00,228.38,237.43,227.33,235.52,194907.31917
2020-03-06 08:00:00,235.54,241.4,234.0,234.66,273867.56268
2020-03-06 16:00:00,234.65,245.16,234.65,244.88,159372.44385
2020-03-07 00:00:00,244.93,246.11,241.1,243.06,148742.38847
2020-03-07 08:00:00,243.05,247.26,242.46,246.83,145493.04447
2020-03-07 16:00:00,246.83,251.93,236.0,237.23,339513.46368
2020-03-08 00:00:00,237.23,237.23,227.1,229.87,225054.67361
2020-03-08 08:00:00,229.85,232.71,212.0,216.73,390768.52504
2020-03-08 16:00:00,216.75,218.0,195.5,199.43,663150.33876
2020-03-09 00:00:00,199.43,208.62,196.12,205.76,659141.72989
2020-03-09 08:00:00,205.76,208.6,190.0,194.5,607247.75938
2020-03-09 16:00:00,194.63,203.33,191.3,202.81,394942.34626
2020-03-10 00:00:00,202.79,204.9,197.18,198.99,291988.48719
2020-03-10 08:00:00,199.01,206.2,195.97,196.64,431427.0281
2020-03-10 16:00:00,196.72,204.01,195.54,200.7,296844.59171
2020-03-11 00:00:00,200.74,203.18,197.16,199.03,183162.24196
2020-03-11 08:00:00,199.03,200.83,190.3,191.86,308534.00801
2020-03-11 16:00:00,191.87,195.6,181.73,194.61,588128.6517
2020-03-12 00:00:00,194.61,195.55,167.61,171.61,631506.5259
2020-03-12 08:00:00,171.65,172.36,123.0,141.1,1809936.69087
2020-03-12 16:00:00,141.11,145.22,101.2,107.82,1373089.92369
2020-03-13 00:00:00,107.67,138.0,86.0,127.28,2217567.43854
2020-03-13 08:00:00,127.18,139.68,114.87,123.7,1470175.67039
2020-03-13 16:00:00,123.72,136.99,114.84,134.06,975496.81968
2020-03-14 00:00:00,134.06,134.68,129.42,132.18,424391.73926
2020-03-14 08:00:00,132.19,132.3,125.18,126.67,442685.51941
2020-03-14 16:00:00,126.68,130.46,120.0,122.54,370597.62775
2020-03-15 00:00:00,122.54,124.37,120.8,123.22,313842.08288
2020-03-15 08:00:00,123.23,129.53,121.67,124.0,391076.95722
2020-03-15 16:00:00,124.02,133.5,120.16,123.78,608031.86127
2020-03-16 00:00:00,123.82,124.33,105.69,107.01,733578.57812
2020-03-16 08:00:00,107.02,116.0,101.1,114.66,1212299.05801
2020-03-16 16:00:00,114.67,115.78,107.01,111.02,496186.50835
2020-03-17 00:00:00,111.02,120.8,109.38,117.85,527849.7554
2020-03-17 08:00:00,117.87,119.78,112.41,117.49,476126.31735
2020-03-17 16:00:00,117.5,119.71,115.65,115.67,291132.41205
2020-03-18 00:00:00,115.67,118.0,110.57,112.22,306933.17303
2020-03-18 08:00:00,112.23,117.05,109.86,115.8,563262.36566
2020-03-18 16:00:00,115.79,118.5,112.77,118.11,331654.77406
2020-03-19 00:00:00,118.11,120.1,115.46,118.83,305306.26455
2020-03-19 08:00:00,118.87,129.0,118.3,127.99,672793.59211
2020-03-19 16:00:00,128.0,143.13,126.21,136.3,822971.3315
2020-03-20 00:00:00,136.3,140.63,133.18,139.67,364346.30321
2020-03-20 08:00:00,139.67,152.55,136.57,142.8,1060452.72207
2020-03-20 16:00:00,142.8,144.8,116.74,133.48,1079258.61271
2020-03-21 00:00:00,133.49,137.49,127.79,131.22,412946.5457
2020-03-21 08:00:00,131.2,134.21,125.69,132.94,411176.94746
2020-03-21 16:00:00,132.94,137.45,128.44,132.66,407718.61805
2020-03-22 00:00:00,132.63,137.13,130.49,134.42,235004.71012
2020-03-22 08:00:00,134.39,134.89,124.73,127.97,398837.4013
2020-03-22 16:00:00,127.97,129.13,121.1,122.32,421857.7539
2020-03-23 00:00:00,122.31,126.45,119.5,123.69,308219.43244
2020-03-23 08:00:00,123.71,137.5,120.56,129.42,750510.53207
2020-03-23 16:00:00,129.44,136.15,129.01,135.92,378066.15998
2020-03-24 00:00:00,135.89,137.32,132.2,135.63,370563.54993
2020-03-24 08:00:00,135.59,143.36,134.15,135.98,607343.34042
2020-03-24 16:00:00,135.99,140.15,134.25,138.42,266470.27299
2020-03-25 00:00:00,138.42,141.66,135.05,138.27,306817.04813
2020-03-25 08:00:00,138.27,142.33,132.54,135.47,539743.12217
2020-03-25 16:00:00,135.49,136.62,133.52,136.1,187688.57339
2020-03-26 00:00:00,136.11,138.58,133.92,134.87,286614.61463
2020-03-26 08:00:00,134.88,136.26,133.26,134.57,241391.22578
2020-03-26 16:00:00,134.6,139.74,133.61,138.4,223054.79061
2020-03-27 00:00:00,138.4,141.27,136.03,137.44,280433.18717
2020-03-27 08:00:00,137.43,137.45,134.4,136.01,210991.97
2020-03-27 16:00:00,136.03,137.56,129.68,131.33,215523.38842
2020-03-28 00:00:00,131.33,131.33,124.88,128.04,371210.15197
2020-03-28 08:00:00,128.06,129.83,126.62,128.13,203900.52712
2020-03-28 16:00:00,128.11,132.97,125.11,130.98,320921.42685
2020-03-29 00:00:00,130.94,131.84,128.5,129.49,105424.40955
2020-03-29 08:00:00,129.47,130.27,128.0,129.03,163284.25248
2020-03-29 16:00:00,129.01,129.26,123.81,124.5,275288.33797
2020-03-30 00:00:00,124.47,131.5,124.06,130.02,266219.49568
2020-03-30 08:00:00,130.03,134.66,130.0,132.15,286202.34169
2020-03-30 16:00:00,132.15,135.42,131.36,132.06,212410.0901
2020-03-31 00:00:00,132.09,134.1,130.38,131.91,196328.49234
2020-03-31 08:00:00,131.9,133.58,131.0,132.75,189071.13709
2020-03-31 16:00:00,132.75,135.0,131.65,132.72,162269.64846
2020-04-01 00:00:00,132.72,133.36,130.85,132.42,161485.98968
2020-04-01 08:00:00,132.41,133.25,130.37,131.1,173378.46532
2020-04-01 16:00:00,131.08,136.99,128.62,135.69,346057.79247
2020-04-02 00:00:00,135.65,139.23,135.01,137.37,242236.26354
2020-04-02 08:00:00,137.38,139.8,136.11,139.29,266080.9311
2020-04-02 16:00:00,139.3,149.76,138.12,141.28,630660.4665
2020-04-03 00:00:00,141.27,145.1,140.32,144.65,207630.9021
2020-04-03 08:00:00,144.64,146.72,140.17,141.39,370551.53544
2020-04-03 16:00:00,141.37,142.76,137.26,141.31,219363.67692
2020-04-04 00:00:00,141.3,142.27,138.88,140.98,119817.01409
2020-04-04 08:00:00,140.99,144.16,140.0,142.3,227560.80399
2020-04-04 16:00:00,142.28,146.28,141.1,144.1,226130.32278
2020-04-05 00:00:00,144.1,145.58,142.01,142.79,129763.97798
2020-04-05 08:00:00,142.78,144.2,142.11,143.64,112972.14012
2020-04-05 16:00:00,143.66,143.95,140.68,142.68,172251.33436
2020-04-06 00:00:00,142.69,151.0,142.6,149.47,406172.71899
2020-04-06 08:00:00,149.47,161.4,149.1,161.28,606898.81894
2020-04-06 16:00:00,161.3,172.0,160.15,171.32,623267.19317
2020-04-07 00:00:00,171.32,176.22,167.51,173.78,642740.92382
2020-04-07 08:00:00,173.78,175.27,167.27,169.08,564591.67034
2020-04-07 16:00:00,169.08,173.37,162.22,164.63,510630.23122
2020-04-08 00:00:00,164.62,174.48,163.59,170.21,489511.2466
2020-04-08 08:00:00,170.28,170.94,166.06,169.12,293061.57208
2020-04-08 16:00:00,169.12,173.56,168.15,173.11,241003.10208
2020-04-09 00:00:00,173.15,173.38,168.14,172.43,192789.1577
2020-04-09 08:00:00,172.4,173.25,165.19,169.96,373890.78346
2020-04-09 16:00:00,169.96,170.87,168.0,169.52,153157.30307
2020-04-10 00:00:00,169.56,170.1,156.51,158.05,572853.60512
2020-04-10 08:00:00,158.0,159.5,152.11,153.06,416162.91615
2020-04-10 16:00:00,153.01,160.44,152.15,157.81,325824.84073
2020-04-11 00:00:00,157.81,161.37,157.64,158.67,236298.2348
2020-04-11 08:00:00,158.65,159.42,156.56,157.35,174651.13953
2020-04-11 16:00:00,157.35,158.61,153.91,158.33,210650.23856
2020-04-12 00:00:00,158.33,159.5,155.0,157.05,131275.64863
2020-04-12 08:00:00,157.03,162.08,157.0,161.97,285098.08607
2020-04-12 16:00:00,161.98,164.78,158.3,158.59,392726.51124
2020-04-13 00:00:00,158.56,158.57,150.0,152.43,469671.38849
2020-04-13 08:00:00,152.43,156.5,150.55,154.01,340791.84621
2020-04-13 16:00:00,154.01,158.97,152.92,156.29,231627.80152
2020-04-14 00:00:00,156.28,158.97,155.4,156.55,182339.79196
2020-04-14 08:00:00,156.5,161.04,155.23,159.84,282557.23146
2020-04-14 16:00:00,159.84,161.85,157.5,158.45,233133.62747
2020-04-15 00:00:00,158.46,161.29,155.83,159.51,236309.00173
2020-04-15 08:00:00,159.5,159.9,155.16,155.77,268077.38034
2020-04-15 16:00:00,155.78,158.04,152.0,152.73,224733.28298
2020-04-16 00:00:00,152.74,168.0,148.33,164.55,563910.12696
2020-04-16 08:00:00,164.55,174.5,164.55,172.54,741183.07448
2020-04-16 16:00:00,172.48,174.79,169.37,172.29,342114.39847
2020-04-17 00:00:00,172.31,173.21,168.31,169.72,284618.45599
2020-04-17 08:00:00,169.73,172.62,168.54,169.81,243956.66542
2020-04-17 16:00:00,169.81,174.96,169.09,170.69,194962.6345
2020-04-18 00:00:00,170.61,174.36,170.48,173.23,181751.82147
2020-04-18 08:00:00,173.24,184.8,171.39,184.5,554419.51576
2020-04-18 16:00:00,184.5,189.54,181.07,187.4,391125.03256
2020-04-19 00:00:00,187.4,188.35,178.59,182.22,379173.80013
2020-04-19 08:00:00,182.18,184.6,175.75,178.78,380985.73239
2020-04-19 16:00:00,178.78,184.4,178.0,180.03,235600.04498
2020-04-20 00:00:00,180.02,186.46,178.3,184.02,296763.48647
2020-04-20 08:00:00,184.02,184.2,172.8,179.35,578121.8655
2020-04-20 16:00:00,179.38,180.13,166.7,170.2,672936.1754
2020-04-21 00:00:00,170.21,174.7,169.55,173.05,260982.54636
2020-04-21 08:00:00,173.03,173.5,168.0,170.31,407084.36805
2020-04-21 16:00:00,170.32,173.3,169.87,170.74,238314.73957
2020-04-22 00:00:00,170.73,176.0,169.78,175.1,260881.18816
2020-04-22 08:00:00,175.12,183.0,174.22,182.69,459200.36621
2020-04-22 16:00:00,182.71,184.0,180.6,182.7,268616.83639
2020-04-23 00:00:00,182.7,187.03,178.16,179.93,398355.74225
2020-04-23 08:00:00,179.9,193.63,179.02,189.25,706562.92739
2020-04-23 16:00:00,189.23,190.8,182.83,185.51,352948.41749
2020-04-24 00:00:00,185.57,189.66,185.0,189.33,272905.21487
2020-04-24 08:00:00,189.34,189.8,184.72,187.58,348393.14394
2020-04-24 16:00:00,187.55,189.09,186.03,187.59,159605.85376
2020-04-25 00:00:00,187.6,196.9,185.76,194.78,306734.39117
2020-04-25 08:00:00,194.76,198.36,192.39,193.37,370437.4416
2020-04-25 16:00:00,193.37,195.0,191.5,194.21,189306.21651
2020-04-26 00:00:00,194.21,195.69,192.3,193.61,152988.50431
2020-04-26 08:00:00,193.58,200.0,193.0,193.96,395720.15716
2020-04-26 16:00:00,193.94,197.5,193.27,197.38,209817.15386
2020-04-27 00:00:00,197.39,199.05,193.6,196.13,326533.69389
2020-04-27 08:00:00,196.13,197.1,189.29,192.73,361686.35448
2020-04-27 16:00:00,192.71,197.0,191.17,196.34,208407.32434
2020-04-28 00:00:00,196.33,196.49,192.36,195.33,233761.91572
2020-04-28 08:00:00,195.31,198.5,193.88,195.54,273936.44563
2020-04-28 16:00:00,195.55,197.61,195.01,196.24,129131.53262
2020-04-29 00:00:00,196.24,207.11,196.22,205.29,469387.62455
2020-04-29 08:00:00,205.29,210.99,204.74,209.72,517516.93357
2020-04-29 16:00:00,209.74,218.77,208.66,215.36,633518.16619
2020-04-30 00:00:00,215.4,227.3,214.3,220.31,633435.52425
2020-04-30 08:00:00,220.3,220.82,202.0,208.05,691906.42733
2020-04-30 16:00:00,208.04,212.89,202.07,206.08,424349.04993
2020-05-01 00:00:00,206.07,215.0,205.91,212.56,264871.40179
2020-05-01 08:00:00,212.54,217.14,209.57,209.8,331955.25833
2020-05-01 16:00:00,209.8,213.81,208.25,212.02,198087.29816
2020-05-02 00:00:00,212.01,213.71,210.58,211.12,125420.92335
2020-05-02 08:00:00,211.09,214.07,210.36,212.96,156493.00756
2020-05-02 16:00:00,213.02,215.37,211.6,213.9,161580.74157
2020-05-03 00:00:00,213.89,219.3,211.7,213.7,275146.34998
2020-05-03 08:00:00,213.66,215.9,203.92,208.11,319060.49466
2020-05-03 16:00:00,208.09,211.5,206.81,209.86,154177.06847
2020-05-04 00:00:00,209.86,210.65,194.88,199.34,490929.10695
2020-05-04 08:00:00,199.34,207.0,198.0,206.0,380356.06474
2020-05-04 16:00:00,205.99,208.89,201.96,206.48,242964.15489
2020-05-05 00:00:00,206.47,211.68,204.4,208.45,244718.60228
2020-05-05 08:00:00,208.45,209.77,201.0,203.64,275216.99499
2020-05-05 16:00:00,203.63,205.81,203.0,205.29,120709.06541
2020-05-06 00:00:00,205.3,208.86,202.0,207.53,231735.80144
2020-05-06 08:00:00,207.53,210.77,206.17,208.22,344654.28933
2020-05-06 16:00:00,208.22,208.9,197.71,198.97,286310.58772
2020-05-07 00:00:00,198.92,208.31,196.43,204.84,353069.61614
2020-05-07 08:00:00,204.83,208.84,203.33,206.02,350259.46954
2020-05-07 16:00:00,206.03,215.1,204.3,212.0,602449.65196
2020-05-08 00:00:00,212.01,216.61,206.9,209.35,389447.214
2020-05-08 08:00:00,209.36,212.73,208.82,211.39,258899.74522
2020-05-08 16:00:00,211.44,215.0,210.56,211.31,269561.23518
2020-05-09 00:00:00,211.32,214.6,209.44,210.76,221971.7217
2020-05-09 08:00:00,210.74,213.28,208.4,213.0,202220.05319
2020-05-09 16:00:00,213.01,214.28,209.8,210.07,163680.20584
2020-05-10 00:00:00,210.09,210.18,179.59,190.73,793766.58297
2020-05-10 08:00:00,190.73,193.0,185.88,188.34,256620.01355
2020-05-10 16:00:00,188.3,190.76,180.36,187.54,422839.45823
2020-05-11 00:00:00,187.62,191.04,185.4,187.31,177723.34121
2020-05-11 08:00:00,187.31,193.5,183.84,188.28,413699.38347
2020-05-11 16:00:00,188.33,188.89,176.0,185.73,501877.09459
2020-05-12 00:00:00,185.8,189.42,185.48,188.07,212180.92757
2020-05-12 08:00:00,188.07,192.24,187.73,190.89,252481.12453
2020-05-12 16:00:00,190.91,192.22,186.77,189.76,205093.74357
2020-05-13 00:00:00,189.77,191.49,189.27,189.79,135383.46402
2020-05-13 08:00:00,189.8,198.42,188.35,198.15,425403.20603
2020-05-13 16:00:00,198.14,201.0,195.38,199.58,245356.33699
2020-05-14 00:00:00,199.61,200.9,195.67,199.8,234120.95791
2020-05-14 08:00:00,199.8,206.02,198.67,202.44,467281.06124
2020-05-14 16:00:00,202.45,205.2,196.21,203.29,413298.23022
2020-05-15 00:00:00,203.29,204.08,197.21,201.23,329631.36415
2020-05-15 08:00:00,201.21,201.66,196.6,197.85,270402.57958
2020-05-15 16:00:00,197.94,199.02,191.66,194.86,304715.69197
2020-05-16 00:00:00,194.87,202.44,193.21,199.5,252288.18749
2020-05-16 08:00:00,199.51,203.5,198.53,200.7,258019.60523
2020-05-16 16:00:00,200.7,202.0,197.85,200.45,159592.24482
2020-05-17 00:00:00,200.44,202.69,199.68,202.14,154228.71034
2020-05-17 08:00:00,202.15,209.75,200.8,208.77,404175.6117
2020-05-17 16:00:00,208.78,209.85,206.12,207.0,150307.57111
2020-05-18 00:00:00,207.02,217.07,207.0,214.21,506683.77024
2020-05-18 08:00:00,214.19,215.29,209.24,211.34,343246.83511
2020-05-18 16:00:00,211.34,215.31,208.91,214.91,214208.64315
2020-05-19 00:00:00,214.92,215.05,209.45,211.5,233488.49576
2020-05-19 08:00:00,211.47,215.95,210.59,212.38,260310.12059
2020-05-19 16:00:00,212.37,214.73,210.3,214.58,149904.37214
2020-05-20 00:00:00,214.6,215.75,211.9,213.36,198880.8089
2020-05-20 08:00:00,213.38,214.8,204.27,207.95,296806.00919
2020-05-20 16:00:00,207.95,210.77,206.57,209.98,183845.79228
2020-05-21 00:00:00,209.99,211.64,208.42,208.51,177942.41766
2020-05-21 08:00:00,208.56,209.7,196.6,199.21,481136.04674
2020-05-21 16:00:00,199.21,200.74,191.71,198.74,344844.9698
2020-05-22 00:00:00,198.72,202.63,196.24,201.81,271025.54296
2020-05-22 08:00:00,201.82,205.5,200.85,205.18,261208.32688
2020-05-22 16:00:00,205.2,209.19,204.5,207.36,255438.49097
2020-05-23 00:00:00,207.36,211.2,207.2,208.24,192241.66829
2020-05-23 08:00:00,208.24,208.27,204.55,207.7,187581.38821
2020-05-23 16:00:00,207.72,208.45,205.64,206.6,98736.86356
2020-05-24 00:00:00,206.6,210.55,205.9,209.56,173851.73955
2020-05-24 08:00:00,209.56,210.48,203.67,205.53,211715.95903
2020-05-24 16:00:00,205.46,207.83,199.5,199.9,287967.35926
2020-05-25 00:00:00,199.9,204.33,198.01,204.23,166770.23908
2020-05-25 08:00:00,204.2,204.99,201.17,202.75,192761.91326
2020-05-25 16:00:00,202.75,205.67,202.37,204.15,110399.47258
2020-05-26 00:00:00,204.22,205.0,201.5,203.6,107700.69819
2020-05-26 08:00:00,203.6,204.23,197.12,197.63,215764.45323
2020-05-26 16:00:00,197.65,202.63,196.9,200.89,153711.58388
2020-05-27 00:00:00,200.92,204.2,200.76,202.88,132962.65389
2020-05-27 08:00:00,202.87,207.78,202.83,206.02,244397.1475
2020-05-27 16:00:00,206.05,208.44,205.11,208.29,117456.92588
2020-05-28 00:00:00,208.29,208.97,204.74,205.32,115265.93598
2020-05-28 08:00:00,205.32,214.65,204.67,214.26,270552.52719
2020-05-28 16:00:00,214.26,220.5,213.39,220.21,258127.51452
2020-05-29 00:00:00,220.24,224.79,219.32,221.35,279358.13877
2020-05-29 08:00:00,221.35,223.55,217.57,219.5,191711.31891
2020-05-29 16:00:00,219.49,222.55,218.67,220.67,131988.61822
2020-05-30 00:00:00,220.63,233.84,218.8,232.18,356392.34859
2020-05-30 08:00:00,232.15,238.87,231.16,235.61,346414.83586
2020-05-30 16:00:00,235.61,247.0,234.16,243.66,316743.56701
2020-05-31 00:00:00,243.71,245.39,235.15,239.83,297360.6233
2020-05-31 08:00:00,239.84,240.0,231.82,233.71,320343.16302
2020-05-31 16:00:00,233.72,237.0,229.58,231.57,203904.90252
2020-06-01 00:00:00,231.56,242.5,230.66,238.72,234207.11252
2020-06-01 08:00:00,238.71,240.98,234.96,238.22,206814.75031
2020-06-01 16:00:00,238.22,250.68,237.24,248.23,382794.83653
2020-06-02 00:00:00,248.23,249.5,245.66,248.85,219430.55094
2020-06-02 08:00:00,248.85,253.8,225.0,233.64,539418.7489
2020-06-02 16:00:00,233.63,239.49,232.2,237.71,196671.61879
2020-06-03 00:00:00,237.71,238.66,232.71,236.81,154792.84713
2020-06-03 08:00:00,236.82,240.68,236.24,239.27,188581.1247
2020-06-03 16:00:00,239.3,245.0,238.6,244.52,159554.16188
2020-06-04 00:00:00,244.54,246.6,242.24,243.37,171436.97933
2020-06-04 08:00:00,243.37,246.29,236.0,245.0,317220.18837
2020-06-04 16:00:00,245.02,245.5,239.08,243.21,180712.1715
2020-06-05 00:00:00,243.22,245.3,241.65,243.56,135362.37747
2020-06-05 08:00:00,243.59,247.87,239.14,241.82,255632.86813
2020-06-05 16:00:00,241.81,242.85,239.39,240.03,111552.16543
2020-06-06 00:00:00,240.04,241.59,237.83,240.21,123255.1456
2020-06-06 08:00:00,240.21,244.7,239.5,242.32,154521.79223
2020-06-06 16:00:00,242.31,243.41,239.77,241.94,111646.14015
2020-06-07 00:00:00,241.94,244.08,240.3,242.29,84835.28668
2020-06-07 08:00:00,242.28,242.6,234.6,237.43,249817.68642
2020-06-07 16:00:00,237.37,245.37,235.19,244.56,236449.58205
2020-06-08 00:00:00,244.57,245.32,242.91,243.69,133767.83355
2020-06-08 08:00:00,243.68,244.74,240.59,243.0,129518.15315
2020-06-08 16:00:00,243.0,247.7,241.55,246.4,119830.56049
2020-06-09 00:00:00,246.37,249.82,238.0,243.33,209612.81936
2020-06-09 08:00:00,243.3,244.66,241.25,243.32,103477.40141
2020-06-09 16:00:00,243.32,245.15,240.68,243.8,107236.95056
2020-06-10 00:00:00,243.79,244.88,242.8,243.58,81598.45252
2020-06-10 08:00:00,243.59,243.95,242.2,243.47,86216.97322
2020-06-10 16:00:00,243.49,250.28,242.0,247.78,263470.19141
2020-06-11 00:00:00,247.78,250.09,245.12,246.16,182086.56838
2020-06-11 08:00:00,246.16,246.87,238.0,238.98,238863.42133
2020-06-11 16:00:00,238.97,239.88,226.2,230.51,395506.9019
2020-06-12 00:00:00,230.46,236.51,228.19,235.48,163925.59099
2020-06-12 08:00:00,235.49,239.38,235.44,236.33,204401.38821
2020-06-12 16:00:00,236.32,238.48,233.98,237.55,78188.36204
2020-06-13 00:00:00,237.55,238.0,234.66,236.6,80701.93084
2020-06-13 08:00:00,236.6,238.39,235.0,237.12,93805.38015
2020-06-13 16:00:00,237.13,238.73,235.8,238.11,79290.46991
2020-06-14 00:00:00,238.13,238.59,233.71,235.2,88523.51748
2020-06-14 08:00:00,235.2,237.0,232.95,235.39,97910.69433
2020-06-14 16:00:00,235.37,235.6,229.83,231.77,118509.00007
2020-06-15 00:00:00,231.74,232.36,218.27,224.56,414091.13831
2020-06-15 08:00:00,224.59,226.55,220.3,226.43,220485.29334
2020-06-15 16:00:00,226.43,233.55,225.8,230.86,240450.48892
2020-06-16 00:00:00,230.86,234.17,228.7,232.97,173557.68558
2020-06-16 08:00:00,232.96,236.0,231.64,232.99,232124.78003
2020-06-16 16:00:00,233.0,235.67,232.6,235.3,93512.20197
2020-06-17 00:00:00,235.31,235.7,232.11,234.82,123887.0219
2020-06-17 08:00:00,234.82,237.3,230.86,231.59,190840.53977
2020-06-17 16:00:00,231.58,234.33,227.65,233.82,163459.73003
2020-06-18 00:00:00,233.82,234.65,232.45,233.46,88464.26137
2020-06-18 08:00:00,233.48,234.08,230.72,231.23,107819.69566
2020-06-18 16:00:00,231.24,232.69,227.93,231.27,138063.84214
2020-06-19 00:00:00,231.26,231.43,226.74,228.37,154409.023
2020-06-19 08:00:00,228.38,231.95,227.62,230.88,129622.16526
2020-06-19 16:00:00,230.88,231.14,227.9,229.0,113253.40982
2020-06-20 00:00:00,229.0,230.85,228.6,229.81,73690.13814
2020-06-20 08:00:00,229.81,229.81,225.62,226.64,149841.91485
2020-06-20 16:00:00,226.63,229.64,226.23,228.89,80172.93527
2020-06-21 00:00:00,228.88,231.49,228.52,230.24,84244.50598
2020-06-21 08:00:00,230.26,230.89,228.76,230.61,80887.26395
2020-06-21 16:00:00,230.61,230.8,227.11,228.04,91173.46741
2020-06-22 00:00:00,228.03,235.97,227.51,234.88,237231.08214
2020-06-22 08:00:00,234.89,241.68,234.81,241.49,230587.94087
2020-06-22 16:00:00,241.49,246.89,240.85,243.13,281211.08813
2020-06-23 00:00:00,243.11,244.66,240.75,244.15,164234.37426
2020-06-23 08:00:00,244.15,244.4,241.32,244.4,162095.78617
2020-06-23 16:00:00,244.39,244.87,242.35,243.14,115966.15434
2020-06-24 00:00:00,243.15,249.24,242.03,242.41,280622.94617
2020-06-24 08:00:00,242.4,243.5,231.07,232.1,462821.05481
2020-06-24 16:00:00,232.1,235.77,231.32,234.58,178190.05242
2020-06-25 00:00:00,234.57,235.39,227.56,231.31,287411.49384
2020-06-25 08:00:00,231.33,235.38,231.33,233.72,208236.02489
2020-06-25 16:00:00,233.7,234.87,231.26,232.5,118101.07475
2020-06-26 00:00:00,232.49,233.61,228.3,229.2,219582.31844
2020-06-26 08:00:00,229.21,232.38,227.75,230.04,292478.96933
2020-06-26 16:00:00,230.04,231.59,228.15,229.64,116278.7823
2020-06-27 00:00:00,229.66,230.78,228.51,230.52,102979.34186
2020-06-27 08:00:00,230.52,231.42,226.4,227.56,158284.53697
2020-06-27 16:00:00,227.55,228.0,216.0,220.94,384686.73555
2020-06-28 00:00:00,220.94,221.19,218.32,220.58,89704.62632
2020-06-28 08:00:00,220.58,226.66,219.95,226.15,203044.41415
2020-06-28 16:00:00,226.17,227.96,223.84,224.93,152017.52834
2020-06-29 00:00:00,224.89,226.86,222.42,222.9,194838.57723
2020-06-29 08:00:00,222.89,225.13,221.26,223.96,209454.00096
2020-06-29 16:00:00,223.96,229.96,223.58,227.93,193622.94423
2020-06-30 00:00:00,227.98,228.7,225.84,226.81,126441.86077
2020-06-30 08:00:00,226.82,227.76,222.91,226.37,202334.51542
2020-06-30 16:00:00,226.37,226.49,224.41,225.6,86259.65358
2020-07-01 00:00:00,225.59,226.35,224.16,225.58,119556.50664
2020-07-01 08:00:00,225.58,229.42,225.56,229.42,194239.41545
2020-07-01 16:00:00,229.42,232.71,228.7,230.99,203555.66656
2020-07-02 00:00:00,230.99,232.01,227.63,228.6,144668.6471
2020-07-02 08:00:00,228.63,231.42,224.5,225.07,258538.50735
2020-07-02 16:00:00,225.09,228.35,222.87,226.46,189278.7567
2020-07-03 00:00:00,226.46,228.13,225.32,227.21,103860.7395
2020-07-03 08:00:00,227.23,228.11,225.5,226.92,117921.58209
2020-07-03 16:00:00,226.92,227.41,223.97,224.87,92796.17881
2020-07-04 00:00:00,224.86,226.86,224.43,226.09,87216.38616
2020-07-04 08:00:00,226.09,226.55,225.11,225.86,74983.69168
2020-07-04 16:00:00,225.85,230.71,225.42,229.17,145526.38809
2020-07-05 00:00:00,229.24,229.85,226.33,226.67,107094.48705
2020-07-05 08:00:00,226.67,227.11,223.05,225.0,122219.20491
2020-07-05 16:00:00,224.96,228.24,223.22,227.56,126433.4281
2020-07-06 00:00:00,227.54,234.15,226.93,232.8,273445.89769
2020-07-06 08:00:00,232.82,238.86,232.45,238.79,329967.07164
2020-07-06 16:00:00,238.78,242.0,237.29,241.6,261404.53767
2020-07-07 00:00:00,241.6,243.77,235.93,237.04,233263.90313
2020-07-07 08:00:00,237.03,239.61,234.4,238.82,223030.43143
2020-07-07 16:00:00,238.81,240.24,236.58,239.39,144130.63753
2020-07-08 00:00:00,239.39,242.66,237.78,240.76,282768.28881
2020-07-08 08:00:00,240.76,247.63,240.11,245.73,409665.97685
2020-07-08 16:00:00,245.73,248.88,245.0,246.95,265751.57142
2020-07-09 00:00:00,246.94,247.9,243.0,246.71,192613.21296
2020-07-09 08:00:00,246.7,247.6,237.88,239.87,305821.11761
2020-07-09 16:00:00,239.86,242.2,238.28,241.98,149207.25234
2020-07-10 00:00:00,241.97,242.16,235.72,238.02,200582.01394
2020-07-10 08:00:00,238.04,240.79,237.89,240.62,149267.24687
2020-07-10 16:00:00,240.61,241.6,238.44,241.26,105175.86304
2020-07-11 00:00:00,241.27,241.67,239.54,240.46,100294.6409
2020-07-11 08:00:00,240.47,240.61,237.54,239.57,116851.51394
2020-07-11 16:00:00,239.56,240.4,237.58,239.19,77329.85142
2020-07-12 00:00:00,239.19,241.45,239.0,240.45,98631.66779
2020-07-12 08:00:00,240.44,244.0,236.52,237.7,229718.06739
2020-07-12 16:00:00,237.7,243.09,236.85,242.79,140965.38202
2020-07-13 00:00:00,242.76,243.55,241.31,242.77,169328.35769
2020-07-13 08:00:00,242.76,245.33,242.0,242.7,221651.9339
2020-07-13 16:00:00,242.7,243.72,237.33,239.5,213112.75086
2020-07-14 00:00:00,239.5,240.15,237.0,238.4,149515.78046
2020-07-14 08:00:00,238.39,241.33,237.75,240.23,161470.5395
2020-07-14 16:00:00,240.21,242.09,239.47,240.44,115334.57192
2020-07-15 00:00:00,240.45,241.45,238.7,239.66,111462.52097
2020-07-15 08:00:00,239.66,240.2,238.02,238.1,139591.65449
2020-07-15 16:00:00,238.12,239.02,236.83,238.61,117296.48972
2020-07-16 00:00:00,238.59,239.39,230.02,232.63,242571.23913
2020-07-16 08:00:00,232.59,233.5,230.17,233.18,221868.74881
2020-07-16 16:00:00,233.18,234.43,231.8,233.57,122721.751
2020-07-17 00:00:00,233.58,234.49,231.65,233.12,112670.48701
2020-07-17 08:00:00,233.13,234.84,231.91,233.15,144153.333
2020-07-17 16:00:00,233.15,233.58,232.37,232.67,68776.39443
2020-07-18 00:00:00,232.66,233.55,232.32,233.26,98005.09281
2020-07-18 08:00:00,233.25,235.53,233.01,234.94,143957.71585
2020-07-18 16:00:00,234.95,236.8,234.39,235.67,99393.80954
2020-07-19 00:00:00,235.67,236.11,233.33,234.6,89340.626
2020-07-19 08:00:00,234.6,234.94,233.28,233.68,102587.12068
2020-07-19 16:00:00,233.68,239.92,233.5,239.11,156875.77405
2020-07-20 00:00:00,239.12,239.72,237.72,238.6,120143.55973
2020-07-20 08:00:00,238.59,239.54,237.0,237.91,139626.79746
2020-07-20 16:00:00,237.92,238.83,234.05,236.01,136887.56219
2020-07-21 00:00:00,236.0,242.58,235.57,241.77,173772.79689
2020-07-21 08:00:00,241.77,245.11,241.24,243.6,301349.59435
2020-07-21 16:00:00,243.61,246.66,243.2,245.59,162339.6895
2020-07-22 00:00:00,245.53,245.69,241.51,242.25,134039.99698
2020-07-22 08:00:00,242.21,245.1,241.65,244.56,148929.54974
2020-07-22 16:00:00,244.56,269.61,243.45,263.74,435448.13624
2020-07-23 00:00:00,263.75,266.01,259.7,262.46,263469.20078
2020-07-23 08:00:00,262.45,270.0,261.85,268.27,360690.22414
2020-07-23 16:00:00,268.27,279.98,267.48,275.3,444615.15387
2020-07-24 00:00:00,275.31,275.35,266.0,270.79,229782.18047
2020-07-24 08:00:00,270.78,279.32,269.5,278.19,289834.21297
2020-07-24 16:00:00,278.18,287.34,274.74,279.15,406416.67348
2020-07-25 00:00:00,279.15,285.88,279.09,283.01,218369.28872
2020-07-25 08:00:00,283.01,288.0,281.38,286.08,246894.00607
2020-07-25 16:00:00,286.08,308.94,283.88,305.26,593664.01075
2020-07-26 00:00:00,305.31,312.04,299.0,311.59,312387.93563
2020-07-26 08:00:00,311.61,318.75,300.0,310.79,681298.2416
2020-07-26 16:00:00,310.79,314.06,303.77,311.0,276682.57577
2020-07-27 00:00:00,311.02,329.3,310.9,320.15,555346.37968
2020-07-27 08:00:00,320.11,326.75,310.78,313.16,518908.29565
2020-07-27 16:00:00,313.16,333.31,312.84,321.93,561867.67194
2020-07-28 00:00:00,321.95,326.8,315.0,315.73,308477.85497
2020-07-28 08:00:00,315.72,321.98,305.86,321.7,507954.45709
2020-07-28 16:00:00,321.7,323.5,313.53,316.77,276799.24372
2020-07-29 00:00:00,316.77,322.76,312.38,321.11,254050.00822
2020-07-29 08:00:00,321.1,325.0,318.0,321.51,322829.87203
2020-07-29 16:00:00,321.51,323.5,315.6,317.71,215922.44123
2020-07-30 00:00:00,317.76,320.17,314.05,318.99,226349.93667
2020-07-30 08:00:00,319.02,320.07,315.4,319.21,209135.77377
2020-07-30 16:00:00,319.18,342.0,318.0,334.87,573341.85654
2020-07-31 00:00:00,334.82,338.38,328.4,336.81,227074.99484
2020-07-31 08:00:00,336.8,347.61,335.78,344.38,442391.05174
2020-07-31 16:00:00,344.38,349.45,340.32,346.33,278622.40324
2020-08-01 00:00:00,346.32,358.33,343.07,354.99,379333.4634
2020-08-01 08:00:00,354.99,360.52,352.0,357.89,300603.24081
2020-08-01 16:00:00,357.9,392.67,357.48,387.0,760906.63782
2020-08-02 00:00:00,387.01,415.85,325.0,380.21,1129771.62036
2020-08-02 08:00:00,380.29,381.5,354.32,368.13,646679.35542
2020-08-02 16:00:00,368.18,388.61,367.88,372.42,548458.12038
2020-08-03 00:00:00,372.45,387.2,366.5,384.65,304846.4842
2020-08-03 08:00:00,384.64,398.0,380.22,393.67,480678.31387
2020-08-03 16:00:00,393.66,397.96,379.91,385.94,406040.29582
2020-08-04 00:00:00,385.91,402.98,385.77,394.73,439678.7051
2020-08-04 08:00:00,394.71,397.21,380.77,390.3,499677.81932
2020-08-04 16:00:00,390.31,393.95,385.18,389.61,241435.89937
2020-08-05 00:00:00,389.59,394.0,384.11,390.04,271486.7437
2020-08-05 08:00:00,390.05,401.43,388.7,395.3,452768.08655
2020-08-05 16:00:00,395.3,407.0,391.0,400.72,399864.23695
2020-08-06 00:00:00,400.72,403.66,392.3,394.9,259294.46321
2020-08-06 08:00:00,394.91,400.87,393.11,399.15,303407.59819
2020-08-06 16:00:00,399.18,400.09,390.51,394.77,258677.02257
2020-08-07 00:00:00,394.77,398.26,393.21,394.13,156608.20754
2020-08-07 08:00:00,394.14,397.43,376.75,385.49,336981.43062
2020-08-07 16:00:00,385.47,386.89,362.85,379.34,547617.7213
2020-08-08 00:00:00,379.34,382.73,375.79,379.97,143638.26531
2020-08-08 08:00:00,379.96,393.22,377.95,390.46,260836.25319
2020-08-08 16:00:00,390.47,397.05,385.79,397.03,218555.26203
2020-08-09 00:00:00,397.05,400.0,392.3,395.34,212359.76672
2020-08-09 08:00:00,395.34,396.37,383.36,386.66,223397.30742
2020-08-09 16:00:00,386.64,394.3,384.34,390.14,159143.50719
2020-08-10 00:00:00,390.14,399.18,390.14,395.02,328964.50388
2020-08-10 08:00:00,395.04,397.0,385.13,396.79,291591.6986
2020-08-10 16:00:00,396.78,398.6,391.56,395.44,206413.70385
2020-08-11 00:00:00,395.43,398.21,388.68,390.98,227993.13255
2020-08-11 08:00:00,390.98,392.4,377.4,382.28,375861.7857
2020-08-11 16:00:00,382.26,386.56,367.0,379.0,388557.68405
2020-08-12 00:00:00,378.99,380.68,365.85,379.09,293960.03307
2020-08-12 08:00:00,379.1,386.99,377.45,385.01,263155.69909
2020-08-12 16:00:00,385.09,389.23,380.06,387.18,194733.06614
2020-08-13 00:00:00,387.18,396.1,386.48,389.55,316150.19736
2020-08-13 08:00:00,389.55,397.5,376.59,392.59,531086.7739
2020-08-13 16:00:00,392.57,431.49,387.66,424.54,664093.80194
2020-08-14 00:00:00,424.54,430.0,417.05,422.22,366364.78743
2020-08-14 08:00:00,422.2,437.45,421.4,436.4,350709.87741
2020-08-14 16:00:00,436.5,444.71,433.74,438.11,392596.2784
2020-08-15 00:00:00,438.12,442.94,435.45,437.02,193251.53271
2020-08-15 08:00:00,437.07,438.65,427.02,435.59,300534.37361
2020-08-15 16:00:00,435.59,439.1,428.56,432.32,187912.69078
2020-08-16 00:00:00,432.3,433.3,421.48,426.65,177924.37522
2020-08-16 08:00:00,426.64,432.04,412.47,430.34,330421.02429
2020-08-16 16:00:00,430.33,436.99,426.52,433.62,208320.85307
2020-08-17 00:00:00,433.61,435.0,420.37,423.6,206867.56864
2020-08-17 08:00:00,423.6,440.88,422.35,440.87,375417.57625
2020-08-17 16:00:00,440.87,446.0,428.0,430.89,286585.50507
2020-08-18 00:00:00,430.89,433.81,426.18,429.5,194252.3415
2020-08-18 08:00:00,429.5,431.92,415.0,420.12,353858.76545
2020-08-18 16:00:00,420.13,429.28,416.83,421.95,195143.46323
2020-08-19 00:00:00,421.92,426.75,402.0,413.4,379382.91455
2020-08-19 08:00:00,413.37,416.23,406.07,409.59,244493.05032
2020-08-19 16:00:00,409.59,412.0,393.25,407.46,354463.72734
2020-08-20 00:00:00,407.46,415.27,402.07,404.3,189496.6521
2020-08-20 08:00:00,404.3,416.09,403.22,415.37,247295.33779
2020-08-20 16:00:00,415.36,418.98,413.57,415.94,226763.74456
2020-08-21 00:00:00,415.94,418.68,409.5,412.8,207257.88217
2020-08-21 08:00:00,412.81,412.81,399.44,404.27,304471.73757
2020-08-21 16:00:00,404.21,406.7,385.1,387.97,349269.10586
2020-08-22 00:00:00,387.93,392.5,379.92,391.11,273600.56107
2020-08-22 08:00:00,391.1,395.29,388.2,390.31,210489.11882
2020-08-22 16:00:00,390.33,397.04,387.33,395.24,159146.08554
2020-08-23 00:00:00,395.23,396.95,387.35,390.93,139413.27686
2020-08-23 08:00:00,390.94,392.97,383.15,392.61,189544.87313
2020-08-23 16:00:00,392.66,395.25,388.84,390.71,116359.6699
2020-08-24 00:00:00,390.72,398.97,387.44,398.44,201513.81948
2020-08-24 08:00:00,398.48,408.53,398.43,403.1,281486.97132
2020-08-24 16:00:00,403.1,410.42,398.08,407.68,234403.02797
2020-08-25 00:00:00,407.68,409.06,392.0,395.3,207746.58309
2020-08-25 08:00:00,395.3,398.87,380.4,385.56,375373.54929
2020-08-25 16:00:00,385.56,386.77,370.0,382.93,387325.25157
2020-08-26 00:00:00,382.91,387.95,377.45,381.39,223781.07536
2020-08-26 08:00:00,381.39,390.0,377.37,389.86,314300.99136
2020-08-26 16:00:00,389.86,392.91,385.22,385.81,200608.71268
2020-08-27 00:00:00,385.81,389.13,380.55,385.89,187210.16987
2020-08-27 08:00:00,385.88,397.1,380.95,383.79,385863.99647
2020-08-27 16:00:00,383.75,386.7,371.48,383.27,304689.57024
2020-08-28 00:00:00,383.31,391.75,379.75,387.28,225103.89388
2020-08-28 08:00:00,387.3,397.0,386.25,396.23,287264.70231
2020-08-28 16:00:00,396.23,398.0,390.85,395.11,220232.87286
2020-08-29 00:00:00,395.1,404.15,391.88,403.32,211107.73896
2020-08-29 08:00:00,403.32,404.22,395.72,402.47,244495.096
2020-08-29 16:00:00,402.49,405.69,398.3,398.65,204199.79848
2020-08-30 00:00:00,398.65,407.0,398.3,405.39,215694.29972
2020-08-30 08:00:00,405.39,418.63,402.8,416.81,328543.64032
2020-08-30 16:00:00,416.81,429.89,415.06,428.94,350741.77784
2020-08-31 00:00:00,428.94,430.55,418.04,420.92,275923.36998
2020-08-31 08:00:00,420.92,439.0,418.56,434.14,448035.61836
2020-08-31 16:00:00,434.15,438.7,428.9,433.79,316789.70047
2020-09-01 00:00:00,433.8,466.68,429.03,463.4,641135.81054
2020-09-01 08:00:00,463.4,486.05,456.77,481.96,652966.82995
2020-09-01 16:00:00,481.92,488.84,471.18,475.4,457251.9367
2020-09-02 00:00:00,475.4,481.39,464.85,466.97,447472.75812
2020-09-02 08:00:00,466.98,472.0,420.0,432.49,989999.20729
2020-09-02 16:00:00,432.5,444.99,421.0,439.5,443170.50312
2020-09-03 00:00:00,439.5,450.7,423.7,436.89,551167.59893
2020-09-03 08:00:00,436.9,438.76,391.01,403.64,1001230.37705
2020-09-03 16:00:00,403.56,407.72,372.0,381.4,856171.36553
2020-09-04 00:00:00,381.35,391.48,373.71,386.01,563952.94147
2020-09-04 08:00:00,386.0,400.21,357.0,384.34,800720.91184
2020-09-04 16:00:00,384.34,393.1,376.27,385.26,441814.37143
2020-09-05 00:00:00,385.3,395.0,378.31,380.61,352724.50204
2020-09-05 08:00:00,380.6,380.6,335.01,357.31,1084476.43184
2020-09-05 16:00:00,357.31,359.58,308.42,335.01,1339965.58001
2020-09-06 00:00:00,335.04,343.08,316.1,340.03,684923.53103
2020-09-06 08:00:00,340.0,358.5,336.38,344.49,816794.56141
2020-09-06 16:00:00,344.49,360.0,340.68,352.8,516093.05477
2020-09-07 00:00:00,352.85,358.51,338.15,343.5,455929.60552
2020-09-07 08:00:00,343.51,349.54,323.0,346.19,856418.01485
2020-09-07 16:00:00,346.14,355.42,342.2,353.59,428270.80425
2020-09-08 00:00:00,353.59,356.58,343.86,346.74,324520.67097
2020-09-08 08:00:00,346.74,350.96,330.2,341.27,636900.03582
2020-09-08 16:00:00,341.34,346.38,325.38,337.39,438826.12283
2020-09-09 00:00:00,337.41,342.84,330.51,342.4,240256.23788
2020-09-09 08:00:00,342.35,354.85,339.67,352.46,367253.5974
2020-09-09 16:00:00,352.48,359.0,348.55,350.85,272250.72727
2020-09-10 00:00:00,350.85,375.48,349.91,363.83,436591.24229
2020-09-10 08:00:00,363.94,377.25,360.0,370.91,444692.57749
2020-09-10 16:00:00,370.96,373.1,361.41,367.93,253003.79159
2020-09-11 00:00:00,367.93,372.0,355.49,362.3,291731.38168
2020-09-11 08:00:00,362.29,370.82,361.0,369.94,316599.02958
2020-09-11 16:00:00,369.93,375.27,364.75,373.63,235687.1884
2020-09-12 00:00:00,373.62,374.54,364.73,368.41,205084.07057
2020-09-12 08:00:00,368.39,374.8,365.99,373.2,242750.06332
2020-09-12 16:00:00,373.23,388.57,371.82,387.78,318708.18246
2020-09-13 00:00:00,387.78,390.43,382.0,387.29,221239.44766
2020-09-13 08:00:00,387.3,388.8,359.74,360.75,455213.06388
2020-09-13 16:00:00,360.76,366.84,350.0,366.42,312743.17893
2020-09-14 00:00:00,366.43,370.25,355.73,369.38,279518.17528
2020-09-14 08:00:00,369.36,384.0,361.59,383.11,444308.05857
2020-09-14 16:00:00,383.11,384.64,370.57,377.12,318233.3888
2020-09-15 00:00:00,377.12,382.47,372.0,375.59,242554.06661
2020-09-15 08:00:00,375.59,379.0,363.01,366.0,422298.23587
2020-09-15 16:00:00,366.0,369.27,362.34,364.06,219004.02757
2020-09-16 00:00:00,364.05,366.49,355.0,365.63,318230.53902
2020-09-16 08:00:00,365.65,370.96,360.91,370.51,290583.71335
2020-09-16 16:00:00,370.52,373.45,363.61,365.11,232895.73702
2020-09-17 00:00:00,365.04,385.0,363.3,379.9,519083.54587
2020-09-17 08:00:00,379.91,384.22,374.61,380.22,395614.02423
2020-09-17 16:00:00,380.22,394.14,378.53,389.36,341602.8409
2020-09-18 00:00:00,389.35,392.58,382.26,386.1,273729.46659
2020-09-18 08:00:00,386.1,388.74,379.76,382.19,263193.89708
2020-09-18 16:00:00,382.18,384.7,375.33,384.39,267271.10852
2020-09-19 00:00:00,384.4,385.3,377.67,377.77,168167.05297
2020-09-19 08:00:00,377.76,388.72,377.0,384.59,225237.10664
2020-09-19 16:00:00,384.59,386.6,381.57,385.25,177504.17592
2020-09-20 00:00:00,385.25,385.45,379.42,380.9,173154.23438
2020-09-20 08:00:00,380.88,382.15,370.15,370.75,260300.32168
2020-09-20 16:00:00,370.74,373.39,365.0,371.04,259709.84538
2020-09-21 00:00:00,371.04,376.8,368.62,369.78,207217.44098
2020-09-21 08:00:00,369.79,370.87,331.0,340.22,751694.10719
2020-09-21 16:00:00,340.21,350.0,336.25,340.36,325034.48281
2020-09-22 00:00:00,340.31,346.78,335.34,336.12,323792.21333
2020-09-22 08:00:00,336.11,344.44,336.01,341.23,315998.24801
2020-09-22 16:00:00,341.25,346.91,340.36,344.21,202940.66744
2020-09-23 00:00:00,344.18,344.65,333.07,335.72,237945.3462
2020-09-23 08:00:00,335.69,343.45,334.18,338.53,266640.82623
2020-09-23 16:00:00,338.53,341.46,313.29,320.72,436318.32513
2020-09-24 00:00:00,320.72,329.17,316.67,328.0,277795.22482
2020-09-24 08:00:00,327.99,345.0,325.0,344.54,438773.14074
2020-09-24 16:00:00,344.49,353.1,343.13,348.97,355136.73165
2020-09-25 00:00:00,348.97,350.42,339.8,343.0,281879.17404
2020-09-25 08:00:00,343.01,348.61,337.58,347.12,318745.06684
2020-09-25 16:00:00,347.14,358.0,345.0,351.92,260019.53836
2020-09-26 00:00:00,351.93,356.4,348.97,350.82,183874.46664
2020-09-26 08:00:00,350.82,354.72,345.88,352.34,219447.48726
2020-09-26 16:00:00,352.34,355.9,350.42,353.92,127557.25365
2020-09-27 00:00:00,353.95,362.14,352.5,354.34,257984.15667
